Id,Note,Name,Name_zh-Hant,Name_en,Name_ja,Description,Description_zh-Hant,Description_en,Description_ja,AttributeText,AttributeText_zh-Hant,AttributeText_en,AttributeText_ja
唯一标识,备注,名字,名字,Name,名前,描述,描述,Description,説明,,,,
solar_memory_black_sun_after,普通事件,日耀回忆·黑日之后,日耀回忆·黑日之后,Solar Memory - After the Black Sun,Solar Memory - After the Black Sun,<color=grey>特瑞厄斯</color><br>黑日之后，特瑞厄斯失去了真正的黎明，人们仍必须在灰暗天幕下计算明天。,<color=grey>特瑞厄斯</color><br>黑日之后，特瑞厄斯失去了真正的黎明，人们仍必须在灰暗天幕下计算明天。,"<color=grey>Terrius</color><br>After the Black Sun, Terrius lost the true dawn and still counted tomorrow beneath a scorched sky.","<color=grey>Terrius</color><br>After the Black Sun, Terrius lost the true dawn and still counted tomorrow beneath a scorched sky.",第一层·开端,第一层·开端,Layer I - Opening,Layer I - Opening
solar_memory_second_sun,普通事件,日耀回忆·第二日轮,日耀回忆·第二日轮,Solar Memory - Second Sun,Solar Memory - Second Sun,<color=grey>特瑞厄斯</color><br>白曜圣庭制造了第二日轮，用一轮不会升起也不会落下的人造太阳重新划分昼夜。,<color=grey>特瑞厄斯</color><br>白曜圣庭制造了第二日轮，用一轮不会升起也不会落下的人造太阳重新划分昼夜。,"<color=grey>Terrius</color><br>The White Radiance Court made the Second Sun, an artificial sun that divided day and night without rising or setting.","<color=grey>Terrius</color><br>The White Radiance Court made the Second Sun, an artificial sun that divided day and night without rising or setting.",第一层·第四节点,第一层·第四节点,Layer I - Fourth Node,Layer I - Fourth Node
solar_memory_saint_daily,普通事件,日耀回忆·圣女的日常,日耀回忆·圣女的日常,Solar Memory - Saint's Days,Solar Memory - Saint's Days,<color=grey>白曜圣庭</color><br>乌娜曾在长廊与医祷院之间行走，像是第二日轮最温柔的证明。,<color=grey>白曜圣庭</color><br>乌娜曾在长廊与医祷院之间行走，像是第二日轮最温柔的证明。,"<color=grey>White Radiance Court</color><br>Una once walked between corridors and wards as the gentlest proof of the Second Sun.","<color=grey>White Radiance Court</color><br>Una once walked between corridors and wards as the gentlest proof of the Second Sun.",第二层·开端,第二层·开端,Layer II - Opening,Layer II - Opening
solar_memory_polluted_light,普通事件,日耀回忆·被污染的光,日耀回忆·被污染的光,Solar Memory - Polluted Light,Solar Memory - Polluted Light,<color=grey>白曜圣庭</color><br>颜色先从街区消失，随后一个人的姓名和痕迹被第二日轮的光悄然抹去。,<color=grey>白曜圣庭</color><br>颜色先从街区消失，随后一个人的姓名和痕迹被第二日轮的光悄然抹去。,"<color=grey>White Radiance Court</color><br>Color vanished first, then a person's name and traces were quietly erased by the light of the Second Sun.","<color=grey>White Radiance Court</color><br>Color vanished first, then a person's name and traces were quietly erased by the light of the Second Sun.",第二层·第四节点,第二层·第四节点,Layer II - Fourth Node,Layer II - Fourth Node
solar_memory_grief_struggle,普通事件,日耀回忆·心哀与挣扎,日耀回忆·心哀与挣扎,Solar Memory - Grief and Struggle,Solar Memory - Grief and Struggle,<color=grey>圣轮</color><br>圣庭选择沉默，乌娜却听见空屋里的哭声与被抹去者最后的名字。,<color=grey>圣轮</color><br>圣庭选择沉默，乌娜却听见空屋里的哭声与被抹去者最后的名字。,"<color=grey>Sacred Wheel</color><br>The Court chose silence, while Una heard the crying in empty rooms and the final names of the erased.","<color=grey>Sacred Wheel</color><br>The Court chose silence, while Una heard the crying in empty rooms and the final names of the erased.",第三层·开端,第三层·开端,Layer III - Opening,Layer III - Opening
solar_memory_above_sacred_wheel,普通事件,日耀回忆·圣轮之上,日耀回忆·圣轮之上,Solar Memory - Above the Sacred Wheel,Solar Memory - Above the Sacred Wheel,<color=grey>圣轮</color><br>乌娜戴上曜日冠冕，将被污染的光辉与众生祈祷一并收入体内。,<color=grey>圣轮</color><br>乌娜戴上曜日冠冕，将被污染的光辉与众生祈祷一并收入体内。,"<color=grey>Sacred Wheel</color><br>Una wore the Solar Crown and drew polluted light and every prayer into herself.","<color=grey>Sacred Wheel</color><br>Una wore the Solar Crown and drew polluted light and every prayer into herself.",第三层·第四节点,第三层·第四节点,Layer III - Fourth Node,Layer III - Fourth Node
solar_event,普通事件,日耀事件,日耀事件,Solar Event,Solar Event,<color=grey>未知</color><br>翻开一页被灼痕封住的圣庭记录，余烬中有人仍在校准太阳。,<color=grey>未知</color><br>翻開一頁被灼痕封住的聖庭記錄，餘燼中有人仍在校準太陽。,"<color=grey>Unknown</color><br>Open a scorched sanctuary record. In the embers, someone is still calibrating the sun.","<color=grey>Unknown</color><br>Open a scorched sanctuary record. In the embers, someone is still calibrating the sun.",白曜余烬,白曜餘燼,Obsidian Sun Ash,Obsidian Sun Ash
solar_memory_start,普通事件,日耀回忆,日耀回憶,Solar Memory,Solar Memory,<color=grey>乌娜</color><br>本层日耀回忆在日轮残光中展开。确认套卡后，踏入首领连战。,<color=grey>烏娜</color><br>本層日耀回憶在日輪殘光中展開。確認套卡後，踏入首領連戰。,"<color=grey>Una</color><br>Solar Memory opens for this layer in the remaining sunlight. Review the deck, then enter the boss rush.","<color=grey>Una</color><br>Solar Memory opens for this layer in the remaining sunlight. Review the deck, then enter the boss rush.",本层整备,本層整備,Layer Setup,Layer Setup
