Id,Type,NodeId,Level
唯一标识,种类,对应种类的节点Id,对应出现层数
solar_event,Event,Breaks_solar_event,-1
solar_memory_start,Event,SunExp_sunexp_Sub_solar_memory_start,-1
solar_memory_black_sun_after,Event,SunExp_sunexp_Sub_solar_memory_black_sun_after,-1
solar_memory_second_sun,Event,SunExp_sunexp_Sub_solar_memory_second_sun,-1
solar_memory_saint_daily,Event,SunExp_sunexp_Sub_solar_memory_saint_daily,-1
solar_memory_polluted_light,Event,SunExp_sunexp_Sub_solar_memory_polluted_light,-1
solar_memory_grief_struggle,Event,SunExp_sunexp_Sub_solar_memory_grief_struggle,-1
solar_memory_above_sacred_wheel,Event,SunExp_sunexp_Sub_solar_memory_above_sacred_wheel,-1
