"Id","Rarity","Expend","Tag","InitScript","DrawScript","UseScript","DropScript","Icon","Effects","Action","PackBelong"
"唯一标识","稀有度","花费","标签","更新显示信息用的","卡牌抽到后执行","卡牌使用后执行","卡牌进入弃牌堆后执行","图标资源的路径","特效路径","动作","所属卡包"
"spark","1","0","","self.Vars:set_Item(""BaseScript"", ""AttackCardItem"");","","self:SetStatus(""Target""); self:Damage(""3""); self:SetStatus(""Self""); self:AddBuff(""SunExp_sunexp_solar_radiance"", ""1"");","","Mods/SunExp/ModResource/Images/Card/SunExp/spark","","","SunExp_sunexp_cardpack_sunexp"
"scorching_canopy","1","1","","self.Vars:set_Item(""BaseScript"", ""CommonCardItem"");","","self:SetStatus(""Self""); self:AddBuff(""SunExp_sunexp_solar_field"", ""1""); self:SetStatus(""All""); self:AddBuff(""buff_burn"", ""1""); local ward = self.Self:GetBuff(""SunExp_sunexp_burn_ward""); local crown = self.Self:GetBuff(""SunExp_sunexp_solar_crown_state""); local rad = self.Self:GetBuff(""SunExp_sunexp_solar_radiance""); local crownImmune = false; if crown ~= nil and rad ~= nil and rad.buffConfig.Level >= 12 then crownImmune = true; end if ward ~= nil or crownImmune then self.Self:RemoveBuff(""buff_burn""); end","","Mods/SunExp/ModResource/Images/Card/SunExp/scorching_canopy","","","SunExp_sunexp_cardpack_sunexp"
"flare_cut","1","1","","self.Vars:set_Item(""BaseScript"", ""AttackCardItem"");","","local rad = self.Self:GetBuff(""SunExp_sunexp_solar_radiance""); local level = 0; if rad ~= nil then level = rad.buffConfig.Level; end; local dmg = 7 + math.floor(level / 4) * 2; local crown = self.Self:GetBuff(""SunExp_sunexp_solar_crown_state""); if crown ~= nil and level >= 4 then dmg = dmg + level; end; self:SetStatus(""Target""); self:Damage(tostring(dmg));","","Mods/SunExp/ModResource/Images/Card/SunExp/flare_cut","","","SunExp_sunexp_cardpack_sunexp"
"burn_ward_card","1","1","","self.Vars:set_Item(""BaseScript"", ""CommonCardItem"");","","self:SetStatus(""Self""); self.Self:RemoveBuff(""buff_burn""); self:AddBuff(""SunExp_sunexp_burn_ward"", ""1"");","","Mods/SunExp/ModResource/Images/Card/SunExp/burn_ward_card","","","SunExp_sunexp_cardpack_sunexp"
"draw_flame","1","1","","self.Vars:set_Item(""BaseScript"", ""AttackCardItem"");","","self:SetStatus(""Target""); local target = nil; if self.Object ~= nil and self.Object.Count > 0 then target = self.Object:get_Item(0); end; local gain = 0; if target ~= nil then local burn = target:GetBuff(""buff_burn""); if burn ~= nil then gain = math.min(3, burn.buffConfig.Level); burn.buffConfig.Level = burn.buffConfig.Level - gain; if burn.buffConfig.Level <= 0 then target:RemoveBuff(""buff_burn""); end end end; local crown = self.Self:GetBuff(""SunExp_sunexp_solar_crown_state""); local rad = self.Self:GetBuff(""SunExp_sunexp_solar_radiance""); local level = 0; if rad ~= nil then level = rad.buffConfig.Level; end; if crown ~= nil and level >= 12 then gain = gain + 2; elseif crown ~= nil and level >= 1 and level <= 3 then gain = gain + 1; end; self:SetStatus(""Self""); if gain > 0 then self:AddBuff(""SunExp_sunexp_gathered_flame"", tostring(gain)); end","","Mods/SunExp/ModResource/Images/Card/SunExp/draw_flame","","","SunExp_sunexp_cardpack_sunexp"
"solar_focus","2","0","","self.Vars:set_Item(""BaseScript"", ""CommonCardItem"");","","self:SetStatus(""Self""); self:AddBuff(""SunExp_sunexp_solar_radiance"", ""2""); local field = self.Self:GetBuff(""SunExp_sunexp_solar_field""); if field ~= nil then self:DrawCount(""1""); end","","Mods/SunExp/ModResource/Images/Card/SunExp/solar_focus","","","SunExp_sunexp_cardpack_sunexp"
"solar_spark","2","1","","self.Vars:set_Item(""BaseScript"", ""AttackCardItem"");","","local flame = self.Self:GetBuff(""SunExp_sunexp_gathered_flame""); local useFlame = 0; if flame ~= nil then useFlame = math.min(5, flame.buffConfig.Level); end; local rad = self.Self:GetBuff(""SunExp_sunexp_solar_radiance""); local radLevel = 0; if rad ~= nil then radLevel = rad.buffConfig.Level; end; local dmg = 6 + useFlame * 2; local crown = self.Self:GetBuff(""SunExp_sunexp_solar_crown_state""); if crown ~= nil and radLevel >= 4 then dmg = dmg + radLevel; end; self:SetStatus(""Target""); self:Damage(tostring(dmg)); if rad ~= nil and radLevel > 0 then self:AddBuff(""buff_burn"", ""2""); rad.buffConfig.Level = radLevel - 1; if rad.buffConfig.Level <= 0 then self:SetStatus(""Self""); self:RemoveBuff(""SunExp_sunexp_solar_radiance""); end end; if flame ~= nil and useFlame > 0 then flame.buffConfig.Level = flame.buffConfig.Level - useFlame; if flame.buffConfig.Level <= 0 then self:SetStatus(""Self""); self:RemoveBuff(""SunExp_sunexp_gathered_flame""); end end","","Mods/SunExp/ModResource/Images/Card/SunExp/solar_spark","","","SunExp_sunexp_cardpack_sunexp"
"crown_pressure","2","1","","self.Vars:set_Item(""BaseScript"", ""CommonCardItem"");","","local count = 2; local rad = self.Self:GetBuff(""SunExp_sunexp_solar_radiance""); if rad ~= nil and rad.buffConfig.Level >= 8 then count = 3; end; self:SetStatus(""AllTarget""); self:AddBuff(""buff_burn"", tostring(count));","","Mods/SunExp/ModResource/Images/Card/SunExp/crown_pressure","","","SunExp_sunexp_cardpack_sunexp"
"field_ignition","2","2","","self.Vars:set_Item(""BaseScript"", ""CommonCardItem"");","","self:SetStatus(""Self""); self:AddBuff(""SunExp_sunexp_solar_field"", ""2""); self:SetStatus(""All""); self:AddBuff(""buff_burn"", ""2""); local ward = self.Self:GetBuff(""SunExp_sunexp_burn_ward""); local crown = self.Self:GetBuff(""SunExp_sunexp_solar_crown_state""); local rad = self.Self:GetBuff(""SunExp_sunexp_solar_radiance""); local crownImmune = false; if crown ~= nil and rad ~= nil and rad.buffConfig.Level >= 12 then crownImmune = true; end if ward ~= nil or crownImmune then self.Self:RemoveBuff(""buff_burn""); end","","Mods/SunExp/ModResource/Images/Card/SunExp/field_ignition","","","SunExp_sunexp_cardpack_sunexp"
"solar_phase_tuning","2","1","","self.Vars:set_Item(""BaseScript"", ""CommonCardItem"");","","self:SetStatus(""Self""); self:AddBuff(""SunExp_sunexp_solar_radiance"", ""3""); local burn = self.Self:GetBuff(""buff_burn""); local gain = 0; if burn ~= nil then gain = math.min(2, burn.buffConfig.Level); burn.buffConfig.Level = burn.buffConfig.Level - gain; if burn.buffConfig.Level <= 0 then self.Self:RemoveBuff(""buff_burn""); end end; if gain > 0 then self:AddBuff(""SunExp_sunexp_gathered_flame"", tostring(gain)); end","","Mods/SunExp/ModResource/Images/Card/SunExp/solar_phase_tuning","","","SunExp_sunexp_cardpack_sunexp"
"solar_crown","3","2","","self.Vars:set_Item(""BaseScript"", ""CommonCardItem"");","","self:SetStatus(""Self""); self:AddBuff(""SunExp_sunexp_solar_crown_state"", ""2"");","","Mods/SunExp/ModResource/Images/Card/SunExp/solar_crown","","","SunExp_sunexp_cardpack_sunexp"
"crown_core_flash","3","3","Burnout","self.Vars:set_Item(""BaseScript"", ""CommonCardItem"");","","local flame = self.Self:GetBuff(""SunExp_sunexp_gathered_flame""); local flameCount = 0; if flame ~= nil then flameCount = flame.buffConfig.Level; end; local rad = self.Self:GetBuff(""SunExp_sunexp_solar_radiance""); local radCount = 0; if rad ~= nil then radCount = rad.buffConfig.Level; end; local useRad = math.floor(radCount / 2); local dmg = 20 + flameCount * 3 + useRad * 5; self:SetStatus(""AllTarget""); self:Damage(tostring(dmg)); self:SetStatus(""Self""); if flame ~= nil then self:RemoveBuff(""SunExp_sunexp_gathered_flame""); end; if rad ~= nil and useRad > 0 then rad.buffConfig.Level = radCount - useRad; if rad.buffConfig.Level <= 0 then self:RemoveBuff(""SunExp_sunexp_solar_radiance""); end end; self:RemoveBuff(""SunExp_sunexp_solar_crown_state""); local backlash = math.floor(flameCount / 2); if backlash > 0 then self:AddBuff(""buff_burn"", tostring(backlash)); end","","Mods/SunExp/ModResource/Images/Card/SunExp/crown_core_flash","","","SunExp_sunexp_cardpack_sunexp"
"dawn_calibration","1","0","Burnout","self.Vars:set_Item(""BaseScript"", ""CommonCardItem"");","","self:SetStatus(""Self""); self:AddBuff(""SunExp_sunexp_solar_radiance"", ""2""); local field = self.Self:GetBuff(""SunExp_sunexp_solar_field""); if field == nil then self:AddBuff(""SunExp_sunexp_solar_field"", ""1""); end","","Mods/SunExp/ModResource/Images/Card/SunExp/dawn_calibration","","","SunExp_sunexp_cardpack_sunexp"
"heliostat_ignition","1","1","","self.Vars:set_Item(""BaseScript"", ""CommonCardItem"");","","self:SetStatus(""Self""); self:AddBuff(""SunExp_sunexp_solar_radiance"", ""1""); local field = self.Self:GetBuff(""SunExp_sunexp_solar_field""); self:SetStatus(""AllTarget""); self:AddBuff(""buff_burn"", ""1""); if field ~= nil then self:SetStatus(""Self""); self:DrawCount(""1""); end","","Mods/SunExp/ModResource/Images/Card/SunExp/heliostat_ignition","","","SunExp_sunexp_cardpack_sunexp"
"flare_reclaim","2","0","","self.Vars:set_Item(""BaseScript"", ""AttackCardItem"");","","self:SetStatus(""Target""); local target = nil; if self.Object ~= nil and self.Object.Count > 0 then target = self.Object:get_Item(0); end; local gain = 0; if target ~= nil then local burn = target:GetBuff(""buff_burn""); if burn ~= nil then gain = burn.buffConfig.Level; self:RunImmediately(""buff_burn"", ""StartRound""); target:RemoveBuff(""buff_burn""); end end; self:SetStatus(""Self""); if gain > 0 then self:AddBuff(""SunExp_sunexp_gathered_flame"", tostring(gain)); end","","Mods/SunExp/ModResource/Images/Card/SunExp/flare_reclaim","","","SunExp_sunexp_cardpack_sunexp"
"impurity_pyrolysis","2","1","","self.Vars:set_Item(""BaseScript"", ""CommonCardItem"");","","self:SetStatus(""Self""); local total = 0; local ids = {}; local buffs = self.Self:GetBuffs(); if buffs ~= nil then local count = 0; if buffs.Count ~= nil then count = buffs.Count; end; for i = 0, count - 1 do local b = buffs:get_Item(i); if b ~= nil and b.buffConfig ~= nil and b.buffConfig.dataConfig ~= nil and b.buffConfig.dataConfig.data ~= nil then local typeName = b.buffConfig.dataConfig.data:get_Item(""Type""); if typeName == ""负面"" then local level = b.buffConfig.Level; if level ~= nil and level > 0 then total = total + level; end; local id = b.buffConfig.BuffId; if id == nil and b.buffConfig.dataConfig.data:ContainsKey(""Id"") then id = b.buffConfig.dataConfig.data:get_Item(""Id""); end; if id ~= nil then table.insert(ids, id); end end end end end; for _, id in ipairs(ids) do self.Self:RemoveBuff(id); end; if total > 0 then self:AddBuff(""buff_burn"", tostring(total)); end","","Mods/SunExp/ModResource/Images/Card/SunExp/impurity_pyrolysis","","","SunExp_sunexp_cardpack_sunexp"
