"kind","pool","id","displayName","type","cost","cooldown","effectKind","description"
"Intent","Common.Basic","spirit.common.basic.probing-strike.intent","试探突击","Attack","1","0","damage.single","对生命最低的敌人造成伤害。"
"Intent","Common.Basic","spirit.common.basic.temporary-ward.intent","临时屏障","Defense","1","0","block.single","为自身获得护盾。"
"Intent","Common.Basic","spirit.common.basic.emergency-heal.intent","应急治愈","Recovery","2","1","heal.single","为生命比例最低的受伤友方恢复生命。"
"Intent","Common.Basic","spirit.common.basic.focused-chant.intent","集中咏唱","Support","1","1","numeric.prepare","下一次直接数值意图提高40%。"
"Intent","Common.Basic","spirit.common.basic.weakening-mark.intent","虚弱咒痕","Interference","1","1","buff.apply","对一名敌人施加1层虚弱。"
"Intent","Common.Tactical","spirit.common.tactical.breaking-strike.intent","破势一击","Attack","2","1","damage.single","造成伤害并施加1层易伤。"
"Intent","Common.Tactical","spirit.common.tactical.guardian-ward.intent","援护结界","Defense","2","1","block.single","为护盾最低的友方获得护盾。"
"Intent","Common.Tactical","spirit.common.tactical.life-stream.intent","生命涓流","Recovery","2","2","heal.single","立即治疗，并在目标下次行动结束时再次治疗。"
"Intent","Common.Tactical","spirit.common.tactical.magic-reflow.intent","魔能回流","Support","0","2","magic.recover","主动恢复2点魔能。"
"Intent","Common.Tactical","spirit.common.tactical.armor-break-mark.intent","破甲标记","Interference","2","1","buff.apply","对一名敌人施加2层易伤。"
"Intent","Common.Advanced","spirit.common.advanced.swift-pierce.intent","迅捷穿刺","Attack","3","1","damage.single","以速度为额外基值造成单体伤害。"
"Intent","Common.Advanced","spirit.common.advanced.astral-veil.intent","群星护幕","Defense","3","2","block.all","为所有友方获得护盾。"
"Intent","Common.Advanced","spirit.common.advanced.life-echo.intent","生命回响","Recovery","3","2","heal.all","为所有友方恢复生命。"
"Intent","Common.Advanced","spirit.common.advanced.overflow-conversion.intent","余能转化","Support","2","2","numeric.prepare","魔能全满时，使接下来2次直接数值意图提高25%。"
"Intent","Common.Advanced","spirit.common.advanced.lockdown-seal.intent","封锁刻印","Interference","3","2","buff.apply","对所有敌人各施加1层虚弱与易伤。"
"Passive","Common.Core","spirit.passive.common.core.opening-calibration","先发校准","","","","opening-calibration","每场战斗第一次直接数值意图提高25%。"
"Passive","Common.Core","spirit.passive.common.core.exploit-opening","乘隙追击","Attack","","","exploit-opening","单体伤害命中带有负面状态的目标时提高15%。"
"Passive","Common.Core","spirit.passive.common.core.emergency-barrier","应急屏障","Defense","","","emergency-barrier","每场战斗首次降至40%生命时获得一次护盾。"
"Passive","Common.Core","spirit.passive.common.core.stable-structure","稳定结构","Defense","","","stable-structure","行动规划前若没有护盾，获得少量护盾；自身回合冷却2。"
"Passive","Common.Core","spirit.passive.common.core.efficient-casting","节能施术","Support","","","efficient-casting","每场战斗第一次释放基础消耗不少于2的意图时少消耗1点魔能。"
"Passive","Common.Core","spirit.passive.common.core.recovery-loop","回能循环","Support","","","recovery-loop","被迫等待时额外恢复1点魔能。"
"Passive","Common.Core","spirit.passive.common.core.alternating-tactics","交替战术","","","","alternating-tactics","本次非等待意图类型与上次不同时，直接数值提高15%。"
"Passive","Common.Core","spirit.passive.common.core.guardian-contract","守护契约","Defense","","","guardian-contract","主人受到伤害后，下一次防御或恢复意图提高25%。"
"Passive","Common.Advanced","spirit.passive.common.advanced.mana-tide","盈缺律","Support","","","mana-tide","魔能为0时行动前恢复1；魔能全满时本回合直接数值提高20%。"
"Passive","Common.Advanced","spirit.passive.common.advanced.desperate-echo","绝境回响","","","","desperate-echo","生命不高于30%时，直接数值提高30%。"
"Passive","Common.Advanced","spirit.passive.common.advanced.swift-calculation","迅捷演算","Attack","","","swift-calculation","速度倍率贡献提高50%，但不改变速度与行动顺序。"
"Passive","Common.Advanced","spirit.passive.common.advanced.combo-resonance","连携余韵","","","","combo-resonance","使用辅助或恢复意图后，下一次攻击或防御直接数值提高30%。"
"Passive","Species","spirit.passive.species.base-game-10032.inherent","魔将 帕梅拉·本能","Attack","","","type-resonance","使用Attack 类型的直接数值意图时，数值提高10%。"
"Passive","Species","spirit.passive.species.base-game-10035.inherent","K·本能","Interference","","","type-resonance","使用Interference 类型的直接数值意图时，数值提高10%。"
"Passive","Species","spirit.passive.species.base-game-10033.inherent","熔火圣骸·本能","Attack","","","type-resonance","使用Attack 类型的直接数值意图时，数值提高10%。"
"Passive","Species","spirit.passive.species.base-game-10020.inherent","守夜人·本能","Interference","","","type-resonance","使用Interference 类型的直接数值意图时，数值提高10%。"
"Passive","Species","spirit.passive.species.base-game-10047.inherent","怠惰残片·本能","Attack","","","type-resonance","使用Attack 类型的直接数值意图时，数值提高10%。"
"Passive","Species","spirit.passive.species.base-game-evernight-incarnation.inherent","永夜化身·本能","Attack","","","type-resonance","使用Attack 类型的直接数值意图时，数值提高10%。"
"Passive","Species","spirit.passive.species.base-game-10040.inherent","魔女教教徒·本能","Attack","","","type-resonance","使用Attack 类型的直接数值意图时，数值提高10%。"
"Passive","Species","spirit.passive.species.base-game-10015.inherent","腐化巨蜥·本能","Attack","","","type-resonance","使用Attack 类型的直接数值意图时，数值提高10%。"
"Passive","Species","spirit.passive.species.terrias-boss-second-sun-last-day.inherent","terrias.boss_second_sun_last_day·本能","Interference","","","type-resonance","使用Interference 类型的直接数值意图时，数值提高10%。"
"Passive","Species","spirit.passive.species.base-game-10008.inherent","最后一餐·本能","Attack","","","type-resonance","使用Attack 类型的直接数值意图时，数值提高10%。"
"Passive","Species","spirit.passive.species.base-game-10016.inherent","混血狼裔·本能","Attack","","","type-resonance","使用Attack 类型的直接数值意图时，数值提高10%。"
"Passive","Species","spirit.passive.species.terrias-boss-orbit-mirror-array.inherent","terrias.boss_orbit_mirror_array·本能","Defense","","","type-resonance","使用Defense 类型的直接数值意图时，数值提高10%。"
"Passive","Species","spirit.passive.species.base-game-10059.inherent","混血龙裔·本能","Attack","","","type-resonance","使用Attack 类型的直接数值意图时，数值提高10%。"
"Passive","Species","spirit.passive.species.base-game-10010.inherent","深渊之触·本能","Attack","","","type-resonance","使用Attack 类型的直接数值意图时，数值提高10%。"
"Passive","Species","spirit.passive.species.base-game-demon-king-sword.inherent","魔王剑·本能","Attack","","","type-resonance","使用Attack 类型的直接数值意图时，数值提高10%。"
"Passive","Species","spirit.passive.species.base-game-10021.inherent","腐化主教·本能","Attack","","","type-resonance","使用Attack 类型的直接数值意图时，数值提高10%。"
"Passive","Species","spirit.passive.species.base-game-10028.inherent","方片舞者·本能","Attack","","","type-resonance","使用Attack 类型的直接数值意图时，数值提高10%。"
"Passive","Species","spirit.passive.species.base-game-10024.inherent","腐化圣骑·本能","Interference","","","type-resonance","使用Interference 类型的直接数值意图时，数值提高10%。"
"Passive","Species","spirit.passive.species.base-game-10025.inherent","腐化蛛人·本能","Attack","","","type-resonance","使用Attack 类型的直接数值意图时，数值提高10%。"
"Passive","Species","spirit.passive.species.base-game-10055.inherent","神圣审判机关·本能","Attack","","","type-resonance","使用Attack 类型的直接数值意图时，数值提高10%。"
"Passive","Species","spirit.passive.species.base-game-10009.inherent","梅花侍从·本能","Attack","","","type-resonance","使用Attack 类型的直接数值意图时，数值提高10%。"
"Passive","Species","spirit.passive.species.base-game-10061.inherent","欲念魔女·本能","Attack","","","type-resonance","使用Attack 类型的直接数值意图时，数值提高10%。"
"Passive","Species","spirit.passive.species.base-game-10004.inherent","灾厄先兆·本能","Attack","","","type-resonance","使用Attack 类型的直接数值意图时，数值提高10%。"
"Passive","Species","spirit.passive.species.base-game-10005.inherent","猎食者·本能","Attack","","","type-resonance","使用Attack 类型的直接数值意图时，数值提高10%。"
"Passive","Species","spirit.passive.species.base-game-10046.inherent","恐惧残片·本能","Attack","","","type-resonance","使用Attack 类型的直接数值意图时，数值提高10%。"
"Passive","Species","spirit.passive.species.base-game-10045.inherent","巨大玩偶熊·本能","Attack","","","type-resonance","使用Attack 类型的直接数值意图时，数值提高10%。"
"Passive","Species","spirit.passive.species.base-game-10039.inherent","黑桃骑士·本能","Attack","","","type-resonance","使用Attack 类型的直接数值意图时，数值提高10%。"
"Passive","Species","spirit.passive.species.base-game-10023.inherent","普拉提壮壮·本能","Attack","","","type-resonance","使用Attack 类型的直接数值意图时，数值提高10%。"
"Passive","Species","spirit.passive.species.base-game-10041.inherent","天眷者·本能","Attack","","","type-resonance","使用Attack 类型的直接数值意图时，数值提高10%。"
"Passive","Species","spirit.passive.species.base-game-10060.inherent","鬼牌：大王·本能","Interference","","","type-resonance","使用Interference 类型的直接数值意图时，数值提高10%。"
"Passive","Species","spirit.passive.species.base-game-10054.inherent","使魔猫猫·本能","Attack","","","type-resonance","使用Attack 类型的直接数值意图时，数值提高10%。"
"Passive","Species","spirit.passive.species.base-game-10007.inherent","失心魔女·本能","Attack","","","type-resonance","使用Attack 类型的直接数值意图时，数值提高10%。"
"Passive","Species","spirit.passive.species.base-game-10001.inherent","普拉提黏黏·本能","Interference","","","type-resonance","使用Interference 类型的直接数值意图时，数值提高10%。"
"Passive","Species","spirit.passive.species.base-game-10018.inherent","惊喜礼物盒·本能","Attack","","","type-resonance","使用Attack 类型的直接数值意图时，数值提高10%。"
"Passive","Species","spirit.passive.species.base-game-10022.inherent","普拉提之王·本能","Attack","","","type-resonance","使用Attack 类型的直接数值意图时，数值提高10%。"
"Passive","Species","spirit.passive.species.base-game-10002.inherent","红心女仆·本能","Interference","","","type-resonance","使用Interference 类型的直接数值意图时，数值提高10%。"
"Passive","Species","spirit.passive.species.base-game-10044.inherent","操偶师·本能","Attack","","","type-resonance","使用Attack 类型的直接数值意图时，数值提高10%。"
"Passive","Species","spirit.passive.species.base-game-10014.inherent","幽怨之心·本能","Attack","","","type-resonance","使用Attack 类型的直接数值意图时，数值提高10%。"
"Passive","Species","spirit.passive.species.base-game-10042.inherent","吞金兽·本能","Attack","","","type-resonance","使用Attack 类型的直接数值意图时，数值提高10%。"
"Passive","Species","spirit.passive.species.base-game-10043.inherent","活性晶簇·本能","Attack","","","type-resonance","使用Attack 类型的直接数值意图时，数值提高10%。"
"Passive","Species","spirit.passive.species.base-game-10029.inherent","暴怒残片·本能","Attack","","","type-resonance","使用Attack 类型的直接数值意图时，数值提高10%。"
"Passive","Species","spirit.passive.species.base-game-10003.inherent","鼹鼠·本能","Attack","","","type-resonance","使用Attack 类型的直接数值意图时，数值提高10%。"
"Passive","Species","spirit.passive.species.terrias-boss-saint-wuna.inherent","terrias.boss_saint_wuna·本能","Attack","","","type-resonance","使用Attack 类型的直接数值意图时，数值提高10%。"
"Passive","Species","spirit.passive.species.base-game-10026.inherent","恶意聚合体·本能","Attack","","","type-resonance","使用Attack 类型的直接数值意图时，数值提高10%。"
"Passive","Species","spirit.passive.species.base-game-caroline.inherent","勇者卡洛琳·本能","Attack","","","type-resonance","使用Attack 类型的直接数值意图时，数值提高10%。"
"Passive","Species","spirit.passive.species.base-game-10017.inherent","圣械协从·本能","Interference","","","type-resonance","使用Interference 类型的直接数值意图时，数值提高10%。"
"Passive","Species","spirit.passive.species.base-game-10038.inherent","灾厄祭司·本能","Attack","","","type-resonance","使用Attack 类型的直接数值意图时，数值提高10%。"
"Passive","Species","spirit.passive.species.base-game-lesser-joker.inherent","鬼牌:小王·本能","Attack","","","type-resonance","使用Attack 类型的直接数值意图时，数值提高10%。"
"Passive","Species","spirit.passive.species.base-game-demon-king.inherent","魔王·本能","Attack","","","type-resonance","使用Attack 类型的直接数值意图时，数值提高10%。"
"Passive","Species","spirit.passive.species.base-game-10034.inherent","自动机关人偶·本能","Attack","","","type-resonance","使用Attack 类型的直接数值意图时，数值提高10%。"
"Passive","Species","spirit.passive.species.base-game-10019.inherent","莉莉·本能","Attack","","","type-resonance","使用Attack 类型的直接数值意图时，数值提高10%。"
