Id,Note,Name,Name_zh-Hant,Name_en,Name_ja,Description,Description_zh-Hant,Description_en,Description_ja
唯一标识,备注,名称,名稱,Name,名称,描述,描述,Description,説明
enemycard_mirror_calibration,,校准光照,校準光照,Calibrate Light,Calibrate Light,全体获得{0}层{buff_burn}，首领获得10点护盾。,全體獲得{0}層{buff_burn}，首領獲得10點護盾。,All characters gain {0} {buff_burn} and the boss gains 10 Shield.,All characters gain {0} {buff_burn} and the boss gains 10 Shield.
enemycard_orbit_refraction,,环日折射,環日折射,Orbit Refraction,Orbit Refraction,造成{0}点伤害并施加10层{buff_burn}。若目标已有{buff_burn}，立即触发一次{buff_burn}。,造成{0}點傷害並施加10層{buff_burn}。若目標已有{buff_burn}，立即觸發一次{buff_burn}。,"Deal {0} damage and apply 10 {buff_burn}. If the target already has {buff_burn}, trigger it once.","Deal {0} damage and apply 10 {buff_burn}. If the target already has {buff_burn}, trigger it once."
enemycard_last_day_morning_prayer,,晨祷校准,晨禱校準,Morning Prayer Calibration,Morning Prayer Calibration,全体获得{0}层{buff_burn}，首领获得10层{Terrias_terrias_gathered_flame}。,全體獲得{0}層{buff_burn}，首領獲得10層{Terrias_terrias_gathered_flame}。,All characters gain {0} {buff_burn} and the boss gains 10 {Terrias_terrias_gathered_flame}.,All characters gain {0} {buff_burn} and the boss gains 10 {Terrias_terrias_gathered_flame}.
enemycard_last_day_noon_burn,,正午断脊,正午斷脊,Noonday Spinebreaker,Noonday Spinebreaker,造成{0}点伤害。若目标{buff_burn}不少于8层，额外触发一次{buff_burn}并施加2层{buff_weak}与2层{buff_cripple}。,造成{0}點傷害。若目標{buff_burn}不少於8層，額外觸發一次{buff_burn}並施加2層{buff_weak}與2層{buff_cripple}。,"Deal {0} damage. If the target has at least 8 {buff_burn}, trigger {buff_burn} once and apply 2 {buff_weak} and 2 {buff_cripple}.","Deal {0} damage. If the target has at least 8 {buff_burn}, trigger {buff_burn} once and apply 2 {buff_weak} and 2 {buff_cripple}."
enemycard_saint_purification,,圣女净祷,聖女淨禱,Saintly Purification,Saintly Purification,造成{0}点伤害，目标获得3层{Terrias_terrias_body_burn}，移除目标所有正面状态，首领获得1层{Terrias_terrias_solar_radiance}。,造成{0}點傷害，目標獲得3層{Terrias_terrias_body_burn}，移除目標所有正面狀態，首領獲得1層{Terrias_terrias_solar_radiance}。,"Deal {0} damage, apply 3 {Terrias_terrias_body_burn}, remove all positive statuses from the target, and the boss gains 1 {Terrias_terrias_solar_radiance}.","Deal {0} damage, apply 3 {Terrias_terrias_body_burn}, remove all positive statuses from the target, and the boss gains 1 {Terrias_terrias_solar_radiance}."
enemycard_saint_return_to_court,,刻名归庭,刻名歸庭,Name Engraved Homeward,Name Engraved Homeward,造成{0}点伤害，将1个保存名字转为无名。若没有保存名字，首领获得6层{Terrias_terrias_solar_radiance}。,造成{0}點傷害，將1個保存名字轉為無名。若沒有保存名字，首領獲得6層{Terrias_terrias_solar_radiance}。,"Deal {0} damage and turn 1 preserved name into a Nameless Person. If no preserved name remains, the boss gains 6 {Terrias_terrias_solar_radiance}.","Deal {0} damage and turn 1 preserved name into a Nameless Person. If no preserved name remains, the boss gains 6 {Terrias_terrias_solar_radiance}."
enemycard_saint_white_edict,,白曜敕令,白曜敕令,White Radiance Edict,White Radiance Edict,造成{0}点伤害，目标获得3层{Terrias_terrias_body_burn}，移除目标所有正面状态，首领获得1层{Terrias_terrias_solar_radiance}。,造成{0}點傷害，目標獲得3層{Terrias_terrias_body_burn}，移除目標所有正面狀態，首領獲得1層{Terrias_terrias_solar_radiance}。,"Deal {0} damage, apply 3 {Terrias_terrias_body_burn}, remove all positive statuses from the target, and the boss gains 1 {Terrias_terrias_solar_radiance}.","Deal {0} damage, apply 3 {Terrias_terrias_body_burn}, remove all positive statuses from the target, and the boss gains 1 {Terrias_terrias_solar_radiance}."
enemycard_heart_change_strike,,逆心一击,逆心一擊,Turncoat Strike,Turncoat Strike,造成{0}点伤害。优先攻击生命值最低的未受控敌人。,造成{0}點傷害。優先攻擊生命值最低的未受控敵人。,Deal {0} damage. Prioritizes the lowest-HP uncontrolled enemy.,Deal {0} damage. Prioritizes the lowest-HP uncontrolled enemy.
enemycard_projection_staff_tap,,法杖敲头,法杖敲頭,Staff Bonk,Staff Bonk,造成{0}点伤害。优先攻击生命值最低的敌人。,造成{0}點傷害。優先攻擊生命值最低的敵人。,Deal {0} damage. Prioritizes the enemy with the lowest HP.,Deal {0} damage. Prioritizes the enemy with the lowest HP.
enemycard_projection_shield_blessing,,魔能护盾,魔能護盾,Magic Shield,Magic Shield,给予友方{0}点护盾。优先支援低生命值或没有护盾的友方。,給予友方{0}點護盾。優先支援低生命值或沒有護盾的友方。,Grant {0} Shield to an ally. Prioritizes allies with low HP or no Shield.,Grant {0} Shield to an ally. Prioritizes allies with low HP or no Shield.
enemycard_projection_wait,,魔力蓄势,魔力蓄勢,Gather Magic,魔力溜め,本次行动等待并恢复魔力。,本次行動等待並恢復魔力。,Wait this action and recover Magic.,この行動は待機し、魔力を回復する。
enemycard_spirit_intent_adapter,,精灵意图,精靈意圖,Spirit Intent,精霊の意図,显示精灵当前已提交的专属意图。,顯示精靈當前已提交的專屬意圖。,Display the Spirit's currently committed dedicated intent.,精霊が確定した専用意図を表示する。
enemycard_projection_staff_combo,,法杖连续敲头,法杖連續敲頭,Staff Bonk Barrage,杖連続ゴツン,连续3次对同一目标造成{0}点伤害；目标中途倒下时停止。,連續3次對同一目標造成{0}點傷害；目標中途倒下時停止。,Deal {0} damage to the same target 3 times; stop if it is defeated.,同じ対象に{0}ダメージを3回与える。途中で倒れた場合は停止する。
enemycard_projection_magic_interference,,魔力干扰,魔力干擾,Mana Disruption,魔力妨害,给予单体敌人2层{buff_vulnerability}；优先选择易伤层数最低的敌人。,給予單體敵人2層{buff_vulnerability}；優先選擇易傷層數最低的敵人。,Apply 2 {buff_vulnerability} to one enemy; prioritize the enemy with the fewest stacks.,敵1体に{buff_vulnerability}を2付与する。スタックが最も少ない敵を優先する。
enemycard_projection_you_are_enhanced,,你被强化了,你被強化了,You Are Empowered,強化された,所有友方获得50层{buff_extraordinary}。,所有友方獲得50層{buff_extraordinary}。,All allies gain 50 {buff_extraordinary}.,味方全体が{buff_extraordinary}を50得る。
enemycard_projection_charge,,蓄力,蓄力,Charge,力溜め,自身获得50层{buff_extraordinary}。,自身獲得50層{buff_extraordinary}。,Gain 50 {buff_extraordinary}.,自身が{buff_extraordinary}を50得る。
enemycard_projection_holy_heal,,圣疗术,聖療術,Holy Heal,聖療術,为生命比例最低的友方恢复{0}点生命。,為生命比例最低的友方恢復{0}點生命。,Restore {0} HP to the ally with the lowest HP percentage.,HP割合が最も低い味方のHPを{0}回復する。
enemycard_abyss_life_theft,,生机窃取,生機竊取,Life Theft,Life Theft,往魔女卡组中塞入2张{Terrias_cursecard_abyss_life_theft}。,往魔女卡組中塞入2張{Terrias_cursecard_abyss_life_theft}。,Add 2 {Terrias_cursecard_abyss_life_theft} to the Witch's deck.,Add 2 {Terrias_cursecard_abyss_life_theft} to the Witch's deck.
enemycard_abyss_deficit,,亏空,虧空,Deficit,Deficit,往魔女卡组中塞入2张{Terrias_cursecard_abyss_deficit}。,往魔女卡組中塞入2張{Terrias_cursecard_abyss_deficit}。,Add 2 {Terrias_cursecard_abyss_deficit} to the Witch's deck.,Add 2 {Terrias_cursecard_abyss_deficit} to the Witch's deck.
